{
  "hash": "c501024d6d2512a8e38d3c7cb94fe86b",
  "result": {
    "markdown": "---\ntitle: \"Post With Code\"\nauthor: \"Harlow Malloc\"\ndate: \"2025-01-04\"\ncategories: [news, code, analysis]\nimage: \"image.jpg\"\n---\n\n\nThis is a post with executable code.\n\n\n::: {.cell}\n\n```{.r .cell-code}\n1 + 1\n```\n\n::: {.cell-output .cell-output-stdout}\n```\n[1] 2\n```\n:::\n:::\n",
    "supporting": [],
    "filters": [
      "rmarkdown/pagebreak.lua"
    ],
    "includes": {},
    "engineDependencies": {},
    "preserve": {},
    "postProcess": true
  }
}